textContent,dateCreated,user,idParentComment
Ipsum dolorem nulla dolorem enim ut officiis.,2019-01-12 00:13:27,matrix199,0
Quis earum qui omnis.,2019-01-12 00:13:27,Berkshire461,0
Corrupti vel qui.,2019-01-12 00:13:27,pixel192,0
Eos dignissimos dolor laudantium repudiandae eos.,2019-01-12 00:13:27,Steel712,0
Maiores accusantium magnam impedit praesentium blanditiis temporibus in et.,2019-01-12 00:13:27,Toys636,0
Quia dolore modi omnis sit sed soluta neque ducimus dolor.,2019-01-12 00:13:27,sexy434,0
Adipisci et doloribus ut ratione illum culpa natus aliquam provident.,2019-01-12 00:13:27,empower913,0
Qui eius accusamus sint non sed nostrum.,2019-01-12 00:13:27,Cayman Islands206,0
Et soluta enim dolor.,2019-01-12 00:13:27,bleeding-edge568,0
Voluptates totam illo voluptate.,2019-01-12 00:13:27,Tools431,0
Cum qui nostrum excepturi dolorum.,2019-01-12 00:13:27,Lebanese Pound64,0
Odit recusandae repudiandae et nesciunt et doloribus accusantium quo accusantium.,2019-01-12 00:13:27,Cambridgeshire873,0
Ea est est natus quaerat cum.,2019-01-12 00:13:27,Virginia68,0
Eum non veniam atque deserunt.,2019-01-12 00:13:27,Pre-emptive143,0
Veniam quia ullam perferendis et et eligendi quia distinctio.,2019-01-12 00:13:27,neural449,0
Alias rerum tempora vel dolorem et impedit est.,2019-01-12 00:13:27,reboot388,0
Possimus quia hic officiis eligendi.,2019-01-12 00:13:27,paradigms115,0
Repellendus vitae ex unde et.,2019-01-12 00:13:27,Grocery784,0
Et aut voluptatibus quas laborum sint est asperiores placeat quaerat.,2019-01-12 00:13:27,Health704,0
Ullam autem saepe sit consectetur et ipsum.,2019-01-12 00:13:27,indigo619,0